app_id,name,release_date,is_free,price_usd,dlc_count,total_reviews,total_positive,total_negative,positive_ratio,current_players,latest_date,tags,days_since_update,recent_update,has_patchnotes
10,Counter-Strike,2000-11-01,0,9.99,0,34614.0,33453.0,1161.0,0.9664586583463338,13097.0,2023-12-12 11:37:21,patchnotes,874.0,False,True
20,Team Fortress Classic,,0,7.5,0,4192.0,3617.0,575.0,0.8628339694656488,48.0,2024-10-02 11:56:29,patchnotes,579.0,False,True
30,Day of Defeat,2003-05-01,0,4.99,0,2142.0,1902.0,240.0,0.8879551820728291,89.0,2019-10-08 14:08:41,patchnotes,2400.0,False,True
40,Deathmatch Classic,2001-06-01,0,4.99,0,1262.0,1043.0,219.0,0.8264659270998416,4.0,2019-10-08 14:07:09,patchnotes,2400.0,False,True
50,Half-Life: Opposing Force,1999-11-01,0,4.99,0,13104.0,12496.0,608.0,0.9536019536019535,109.0,2019-10-08 13:31:33,patchnotes,2400.0,False,True
60,Ricochet,2000-11-01,0,4.99,0,2952.0,2544.0,408.0,0.8617886178861789,1.0,2019-10-08 14:02:39,patchnotes,2400.0,False,True
70,Half-Life,1998-11-19,0,9.99,1,57389.0,55373.0,2016.0,0.9648713168028716,922.0,2026-04-11 07:00:00,,23.0,True,False
80,Counter-Strike: Condition Zero,2004-03-01,0,9.99,0,7391.0,6757.0,634.0,0.9142199972940064,459.0,2023-12-12 11:38:21,patchnotes,874.0,False,True
130,Half-Life: Blue Shift,2001-06-01,0,4.99,0,9804.0,9080.0,724.0,0.9261525907792738,56.0,2019-10-08 14:06:06,patchnotes,2400.0,False,True
220,Half-Life 2,2004-11-16,0,9.99,1,88436.0,86160.0,2276.0,0.9742638744402732,1841.0,2025-07-23 13:37:08,patchnotes,285.0,False,True
240,Counter-Strike: Source,2004-11-01,0,9.99,0,44485.0,42740.0,1745.0,0.9607732943688884,36010.0,2025-02-18 15:01:12,patchnotes,440.0,False,True
280,Half-Life: Source,2004-06-01,0,9.99,0,7834.0,5030.0,2804.0,0.6420730150625479,30.0,2019-09-26 17:43:00,,2412.0,False,False
300,Day of Defeat: Source,2010-07-12,0,9.99,0,7401.0,6737.0,664.0,0.9102823942710444,404.0,2025-02-18 15:01:24,patchnotes,440.0,False,True
320,Half-Life 2: Deathmatch,2004-11-01,0,,0,4605.0,4148.0,457.0,0.9007600434310532,197.0,2025-02-18 15:01:35,patchnotes,440.0,False,True
340,Half-Life 2: Lost Coast,2005-10-27,0,,0,5377.0,4820.0,557.0,0.8964106379021759,4.0,2019-11-19 04:14:00,,2358.0,False,False
360,Half-Life Deathmatch: Source,2006-05-01,0,9.99,0,1975.0,1487.0,488.0,0.7529113924050633,34.0,2025-02-18 15:00:48,patchnotes,440.0,False,True
380,Half-Life 2: Episode One,2006-06-01,0,,1,11810.0,11245.0,565.0,0.9521591871295512,12.0,2022-02-18 13:00:12,patchnotes,1536.0,False,True
400,Portal,2007-10-10,0,9.99,2,81464.0,80411.0,1053.0,0.9870740449769224,533.0,2025-06-27 10:27:09,patchnotes,311.0,False,True
420,Half-Life 2: Episode Two,2007-10-10,0,,1,16182.0,15693.0,489.0,0.9697812384130516,56.0,2022-02-18 13:05:44,patchnotes,1536.0,False,True
440,Team Fortress 2,2007-10-10,1,0.0,1,27027.0,20615.0,6412.0,0.7627557627557627,54795.0,2026-03-11 15:33:26,patchnotes,54.0,False,True
500,Left 4 Dead,2008-11-17,0,9.99,0,19615.0,18734.0,881.0,0.9550853938312516,471.0,2025-08-22 15:11:29,patchnotes,255.0,False,True
550,Left 4 Dead 2,2009-11-16,0,9.99,0,226477.0,220988.0,5489.0,0.9757635433178644,18958.0,2025-02-05 17:18:16,patchnotes,453.0,False,True
570,Dota 2,,1,0.0,2,6106.0,5429.0,677.0,0.8891254503766787,555754.0,2026-04-07 16:24:46,patchnotes,27.0,True,True
620,Portal 2,,0,9.75,1,169751.0,167811.0,1940.0,0.9885714958969314,1840.0,2025-02-05 17:19:31,patchnotes,453.0,False,True
630,Alien Swarm,2010-07-19,1,0.0,0,114.0,108.0,6.0,0.9473684210526316,14.0,2020-08-18 14:44:13,patchnotes,2085.0,False,True
730,Counter-Strike 2,,1,0.0,1,1444896.0,1236670.0,208226.0,0.8558885899054326,1262423.0,2026-04-30 18:46:49,patchnotes,4.0,True,True
4000,Garry's Mod,,0,11750.0,0,526122.0,510983.0,15139.0,0.9712253051573588,30421.0,2025-12-10 11:15:55,patchnotes,145.0,False,True
4700,Total War: MEDIEVAL II – Definitive Edition,2006-11-15,0,24.99,0,16614.0,15901.0,713.0,0.9570843866618516,4497.0,2026-04-16 13:07:20,,18.0,True,False
8500,EVE Online,2010-12-15,1,0.0,22,5302.0,4163.0,1139.0,0.7851754055073558,5503.0,2026-04-30 07:50:46,,4.0,True,False
8870,BioShock Infinite,,0,319.0,5,46984.0,42832.0,4152.0,0.911629490890516,424.0,2024-11-25 16:10:03,patchnotes,525.0,False,True
8930,Sid Meier's Civilization® V,2010-09-21,0,7.49,15,78105.0,74603.0,3502.0,0.9551629217079572,16664.0,2024-11-25 16:12:13,patchnotes,525.0,False,True
9400,Juiced 2: Hot Import Nights,2007-12-13,0,,0,16.0,10.0,6.0,0.625,0.0,2011-07-13 13:10:00,,5409.0,False,False
9450,"Warhammer® 40,000: Dawn of War® - Soulstorm",2008-03-05,0,,0,7959.0,7555.0,404.0,0.9492398542530468,482.0,2021-03-05 06:14:00,,1886.0,False,False
9900,Star Trek Online,2012-01-31,1,0.0,0,848.0,647.0,201.0,0.7629716981132075,1327.0,2026-05-01 11:01:02,,3.0,True,False
10090,Call of Duty: World at War,,0,27900.0,0,33134.0,30653.0,2481.0,0.9251222309410272,410.0,2024-12-24 08:23:08,,496.0,False,False
10180,Call of Duty®: Modern Warfare® 2 (2009),,0,27900.0,2,16739.0,15296.0,1443.0,0.9137941334607802,456.0,2025-08-11 06:44:06,,266.0,False,False
10500,Total War: EMPIRE – Definitive Edition,2009-03-04,0,24.99,0,12168.0,10903.0,1265.0,0.8960387902695595,2897.0,2023-04-25 06:00:48,patchnotes,1105.0,False,True
12210,Grand Theft Auto IV: The Complete Edition,,0,66.99,0,69435.0,56484.0,12951.0,0.8134802333117304,3206.0,2026-03-30 12:01:44,,35.0,False,False
20920,The Witcher 2: Assassins of Kings Enhanced Edition,2012-04-16,0,19.99,1,25687.0,22609.0,3078.0,0.880172850079807,686.0,2024-12-12 20:16:44,,508.0,False,False
22380,Fallout: New Vegas,2010-10-19,0,9.99,7,166919.0,160505.0,6414.0,0.9615741766964816,4166.0,2026-03-23 10:07:02,,42.0,False,False
49520,Borderlands 2,2012-09-17,0,19.99,5,122106.0,110399.0,11707.0,0.9041242854568982,3235.0,2026-03-19 13:09:39,,46.0,False,False
50620,Darksiders™,2010-09-23,0,,0,3083.0,2685.0,398.0,0.8709049626986701,75.0,2025-12-19 10:59:18,,136.0,False,False
55230,Saints Row: The Third,2011-11-14,0,9.99,20,18930.0,17849.0,1081.0,0.9428948758584258,208.0,2025-11-01 17:11:53,,184.0,False,False
70000,Dino D-Day,2011-04-08,0,9.99,2,4680.0,4123.0,557.0,0.880982905982906,5.0,2017-07-16 18:30:46,,3214.0,False,False
72200,Universe Sandbox Legacy,2011-04-29,0,,0,1784.0,1413.0,371.0,0.7920403587443946,8.0,2016-09-19 10:30:56,,3514.0,False,False
72850,The Elder Scrolls V: Skyrim,,0,21000.0,1,101764.0,94090.0,7674.0,0.9245902283715264,1637.0,2026-04-17 10:34:21,,17.0,True,False
105450,Age of Empires® III (2007),2012-01-05,0,,0,11959.0,10869.0,1090.0,0.9088552554561418,379.0,2021-09-01 13:29:54,patchnotes,1706.0,False,True
105600,Terraria,2011-05-16,0,9.99,2,590169.0,576265.0,13904.0,0.9764406466622272,26022.0,2026-05-01 08:12:54,,3.0,True,False
107410,Arma 3,2013-09-12,0,29.99,22,110271.0,100970.0,9301.0,0.9156532542554252,10333.0,2026-04-30 12:30:02,,4.0,True,False
108600,Project Zomboid,2013-11-08,0,19.99,0,147488.0,138645.0,8843.0,0.9400425797353004,31331.0,2026-04-08 09:49:00,patchnotes,26.0,True,True
110800,L.A. Noire,2011-11-08,0,19.99,0,15685.0,13169.0,2516.0,0.8395919668473063,301.0,2026-04-29 09:30:02,,5.0,True,False
113200,The Binding of Isaac,2011-09-28,0,1.99,1,23342.0,22072.0,1270.0,0.945591637391826,281.0,2026-01-26 15:18:47,,98.0,False,False
115320,Prototype 2,2012-07-24,0,39.99,1,4320.0,3148.0,1172.0,0.7287037037037037,84.0,2014-10-01 13:00:00,,4233.0,False,False
218620,PAYDAY 2,2013-08-13,0,9.99,81,174138.0,152000.0,22138.0,0.872870941437251,26373.0,2026-04-05 10:39:39,patchnotes,29.0,True,True
219640,Chivalry: Medieval Warfare,2012-10-16,0,24.99,2,21971.0,17902.0,4069.0,0.8148013290246233,42.0,2024-06-13 16:03:12,,690.0,False,False
221100,DayZ,2018-12-13,0,49.99,3,175510.0,130203.0,45307.0,0.7418551649478662,60365.0,2026-04-21 04:00:09,,13.0,True,False
223470,POSTAL 2,2012-11-02,0,0.99,2,42167.0,40975.0,1192.0,0.9717314487632508,1058.0,2026-01-23 16:57:55,,101.0,False,False
225540,Just Cause™ 3,2015-11-30,0,19.99,12,45012.0,38956.0,6056.0,0.8654581000622056,887.0,2017-07-21 05:49:13,"patchnotes, auto_migrated, hide_library_overview, hide_library_detail",3209.0,False,True
227300,Euro Truck Simulator 2,,0,10.09,107,140434.0,136896.0,3538.0,0.9748066707492488,43110.0,2026-04-24 11:00:40,,10.0,True,False
230410,Warframe,2013-03-25,1,0.0,18,1139.0,1005.0,134.0,0.8823529411764706,71252.0,2026-05-04 11:19:48,,0.0,True,False
231430,Company of Heroes 2,2013-06-25,0,19.99,5,28231.0,23896.0,4335.0,0.8464453969041125,2848.0,2022-06-15 12:22:02,patchnotes,1419.0,False,True
232090,Killing Floor 2,2016-11-18,0,29.99,5,41922.0,37001.0,4921.0,0.8826153332379181,3987.0,2023-12-05 11:34:00,patchnotes,881.0,False,True
233450,Prison Architect,2015-10-06,0,7.49,12,33773.0,29995.0,3778.0,0.8881354928493175,1429.0,2023-02-08 09:09:28,patchnotes,1181.0,False,True
234630,Project CARS,2015-05-06,0,,0,3968.0,2940.0,1028.0,0.7409274193548387,42.0,2022-08-23 09:26:15,,1350.0,False,False
235460,METAL GEAR RISING: REVENGEANCE,2014-01-09,0,29.99,0,38647.0,37058.0,1589.0,0.9588842600978084,300.0,2025-01-28 06:58:02,,461.0,False,False
236390,War Thunder,2013-08-15,1,0.0,37,816.0,554.0,262.0,0.678921568627451,69780.0,2026-05-04 09:07:01,patchnotes,0.0,True,True
238960,Path of Exile,2013-10-23,1,0.0,6,544.0,499.0,45.0,0.9172794117647058,13672.0,2026-03-24 16:39:40,patchnotes,41.0,False,True
239140,Dying Light,2015-01-26,0,24.99,41,96625.0,91050.0,5575.0,0.9423027166882276,4416.0,2026-03-19 09:28:40,,46.0,False,False
239820,Game Dev Tycoon,2013-08-29,0,9.99,0,22051.0,20830.0,1221.0,0.9446283615255544,155.0,2025-10-10 04:00:24,patchnotes,206.0,False,True
240720,Getting Over It with Bennett Foddy,2017-12-06,0,7.99,0,40938.0,34619.0,6319.0,0.8456446333479897,252.0,2022-01-29 16:38:22,patchnotes,1556.0,False,True
242050,Assassin’s Creed® IV Black Flag™,,0,119.99,0,30201.0,25960.0,4241.0,0.8595741862852223,2245.0,2026-04-23 12:30:32,,11.0,True,False
242760,The Forest,2018-04-30,0,19.99,0,175470.0,167218.0,8252.0,0.9529720180087764,4596.0,2025-10-03 14:57:48,"patchnotes, hide_library_detail",213.0,False,True
244210,Assetto Corsa,,0,19.99,11,,,,,15077.0,2017-12-20 09:09:31,"patchnotes, patchnotes, patchnotes, auto_migrated, hide_library_overview, hide_library_detail",3057.0,False,True
246620,Plague Inc: Evolved,2016-02-18,0,14.99,3,25368.0,23793.0,1575.0,0.9379139072847682,952.0,2026-04-21 11:19:26,"patchnotes, mod_reviewed, ModAct_871423085_1776787779_0, mod_require_rereview",13.0,True,True
247080,Crypt of the NecroDancer,,0,3.89,14,12463.0,11906.0,557.0,0.9553077108240392,122.0,2023-08-29 17:43:17,patchnotes,979.0,False,True
248820,Risk of Rain (2013),2013-11-08,0,9.99,1,14873.0,13862.0,1011.0,0.9320244738788408,22.0,2025-08-21 13:22:07,,256.0,False,False
250900,The Binding of Isaac: Rebirth,,0,2.8,5,143274.0,139227.0,4047.0,0.9717534235101972,21049.0,2026-04-10 21:43:27,"patchnotes, workshop",24.0,True,True
251570,7 Days to Die,2024-07-25,0,44.99,9,124112.0,105979.0,18133.0,0.8538980920458941,23414.0,2026-03-20 21:32:59,patchnotes,45.0,False,True
252490,Rust,,0,9.49,5,519594.0,450476.0,69118.0,0.866976908894252,118821.0,2026-04-21 14:18:09,,13.0,True,False
252950,Rocket League®,2015-07-06,0,,0,226688.0,196248.0,30440.0,0.8657185206098249,27377.0,2026-04-30 04:46:22,,4.0,True,False
253230,A Hat in Time,2017-10-05,0,29.99,6,29105.0,28565.0,540.0,0.9814464868579282,152.0,2025-07-04 14:37:30,patchnotes,304.0,False,True
255710,Cities: Skylines,2015-03-10,0,8.99,76,99305.0,92197.0,7108.0,0.9284225366295756,9645.0,2026-04-15 04:00:16,patchnotes,19.0,True,True
261550,Mount & Blade II: Bannerlord,2022-10-25,0,49.99,3,96406.0,83944.0,12462.0,0.8707341866688796,27298.0,2026-02-03 04:34:39,patchnotes,90.0,False,True
262060,Darkest Dungeon®,,0,32.49,6,55841.0,50683.0,5158.0,0.907630594007987,2654.0,2025-07-29 16:32:45,patchnotes,279.0,False,True
264710,Subnautica,2018-01-23,0,29.99,1,177210.0,171755.0,5455.0,0.9692173127927318,8202.0,2025-10-03 18:04:53,patchnotes,213.0,False,True
268500,XCOM® 2,2016-02-04,0,2.99,7,44270.0,37977.0,6293.0,0.8578495595211204,4915.0,2024-11-25 16:12:38,patchnotes,525.0,False,True
270170,Depression Quest,2014-08-11,1,0.0,0,26.0,17.0,9.0,0.6538461538461539,1.0,,,,False,False
271590,Grand Theft Auto V Legacy,2015-04-13,0,,0,579520.0,487222.0,92298.0,0.8407337106570956,95165.0,2026-05-02 11:00:00,,2.0,True,False
275850,No Man's Sky,,0,670.0,1,180001.0,146904.0,33097.0,0.8161287992844484,11270.0,2026-04-14 04:26:41,,20.0,True,False
281990,Stellaris,2016-05-09,0,9.99,38,75157.0,65030.0,10127.0,0.865255398698724,18385.0,2026-04-29 09:26:31,,5.0,True,False
282070,This War of Mine,2014-11-14,0,19.99,8,22855.0,21092.0,1763.0,0.9228615182673376,579.0,2026-02-18 09:24:48,patchnotes,75.0,False,True
285190,"Warhammer 40,000: Dawn of War III",2017-04-27,0,39.99,0,7725.0,3695.0,4030.0,0.4783171521035598,107.0,2025-12-03 12:05:54,,152.0,False,False
286160,Tabletop Simulator,,0,710.0,43,31079.0,29850.0,1229.0,0.9604556131149652,7146.0,2026-03-19 14:48:54,,46.0,False,False
287390,Metro: Last Light Redux,2014-08-25,0,19.99,0,19848.0,17507.0,2341.0,0.8820536074163644,1956.0,2015-12-17 09:27:09,"patchnotes, auto_migrated, hide_library_overview, hide_library_detail",3791.0,False,True
287700,METAL GEAR SOLID V: THE PHANTOM PAIN,2015-09-01,0,19.99,13,41411.0,38098.0,3313.0,0.9199971022192172,1369.0,2026-02-28 08:00:00,,65.0,False,False
289070,Sid Meier’s Civilization® VI,2016-10-20,0,5.99,10,105857.0,89936.0,15921.0,0.8495989873130733,33672.0,2026-04-30 13:03:50,,4.0,True,False
291480,Warface: Clutch,2014-07-01,0,,0,402.0,202.0,200.0,0.5024875621890548,122.0,2026-03-11 12:25:28,,54.0,False,False
291550,Brawlhalla,,1,0.0,5,1582.0,1310.0,272.0,0.8280657395701644,12770.0,2026-05-01 18:06:55,,3.0,True,False
292030,The Witcher 3: Wild Hunt,,0,55.99,22,234906.0,227382.0,7524.0,0.9679701667901204,17571.0,2026-04-09 10:38:46,,25.0,True,False
294100,RimWorld,2018-10-17,0,34.99,10,116220.0,113824.0,2396.0,0.9793839270349336,28658.0,2025-10-31 11:30:18,"patchnotes, workshop",185.0,False,True
298630,The Escapists,2015-02-13,0,3.59,5,9330.0,8392.0,938.0,0.8994640943193998,76.0,2026-03-12 11:00:41,,53.0,False,False
302670,Call to Arms,2018-04-27,0,14.99,3,8513.0,6850.0,1663.0,0.8046517091507107,127.0,2025-06-13 07:24:10,,325.0,False,False
304930,Unturned,,1,0.0,1,2854.0,2574.0,280.0,0.9018920812894184,21723.0,2026-04-23 11:37:43,"patchnotes, mod_reviewed, ModAct_1691520782_1776960288_0, mod_require_rereview",11.0,True,True
305620,The Long Dark,2017-08-01,0,19.99,4,40064.0,35263.0,4801.0,0.880166733226837,4244.0,2026-04-22 23:45:04,patchnotes,12.0,True,True
306130,The Elder Scrolls® Online,2017-05-22,0,19.99,6,73644.0,60103.0,13541.0,0.8161289446526533,15245.0,2026-05-03 18:44:25,,1.0,True,False
307780,Mortal Kombat X,2015-04-13,0,3.99,23,11402.0,9244.0,2158.0,0.8107349587791616,594.0,2016-10-27 12:59:04,"patchnotes, auto_migrated, hide_library_overview, hide_library_detail",3476.0,False,True
311210,Call of Duty®: Black Ops III,,0,225.99,7,115787.0,104459.0,11328.0,0.9021651826198104,4691.0,2018-03-15 13:08:37,"patchnotes, patchnotes, auto_migrated, hide_library_overview, hide_library_detail",2972.0,False,True
311690,Enter the Gungeon,,0,16500.0,0,38640.0,36841.0,1799.0,0.9534420289855072,957.0,2025-04-02 09:56:08,,397.0,False,False
312520,Rain World,2017-03-28,0,24.99,5,28267.0,26895.0,1372.0,0.9514628365231542,1129.0,2026-04-17 15:05:44,,17.0,True,False
312660,Sniper Elite 4,2017-02-13,0,59.99,13,15516.0,14141.0,1375.0,0.9113817994328436,752.0,2025-07-10 06:25:05,,298.0,False,False
315210,Suicide Squad: Kill the Justice League,2024-02-02,0,69.99,1,7575.0,4741.0,2834.0,0.6258745874587459,110.0,2026-03-16 11:19:35,,49.0,False,False
319630,Life is Strange - Episode 1,,1,0.0,1,53965.0,52039.0,1926.0,0.96431020105624,356.0,2026-04-12 13:00:00,,22.0,True,False
322330,Don't Starve Together,,0,8.49,49,80679.0,77116.0,3563.0,0.9558373306560568,22063.0,2026-02-23 19:08:41,patchnotes,70.0,False,True
323190,Frostpunk,2018-04-24,0,29.99,7,38271.0,35473.0,2798.0,0.9268898121292884,2156.0,2026-04-24 09:17:09,,10.0,True,False
327030,Worms W.M.D,2016-08-23,0,29.99,0,4624.0,3860.0,764.0,0.8347750865051903,554.0,2026-04-10 11:00:09,,24.0,True,False
329430,State of Decay: YOSE,2015-04-27,0,19.99,2,4567.0,3582.0,985.0,0.7843223122399825,145.0,2015-11-18 14:05:26,"patchnotes, auto_migrated, hide_library_overview, hide_library_detail",3820.0,False,True
330020,Children of Morta,2019-09-03,0,21.99,3,7393.0,6535.0,858.0,0.8839442716082782,90.0,2024-10-08 09:50:49,,573.0,False,False
333930,Dirty Bomb®,2015-06-02,1,0.0,0,834.0,688.0,146.0,0.8249400479616307,87.0,2026-04-15 06:06:40,,19.0,True,False
337000,Deus Ex: Mankind Divided,2016-08-23,0,29.99,5,16242.0,12237.0,4005.0,0.7534170668636867,207.0,2026-03-31 07:20:51,,34.0,False,False
346010,Besiege,2020-02-18,0,14.99,4,22883.0,21749.0,1134.0,0.9504435607219334,260.0,2026-02-26 11:26:42,,67.0,False,False
346110,ARK: Survival Evolved,,0,14.79,18,253830.0,205019.0,48811.0,0.8077020052791238,19330.0,2026-01-16 18:28:55,workshop,108.0,False,False
346900,AdVenture Capitalist,,1,0.0,1,275.0,234.0,41.0,0.850909090909091,1502.0,2022-05-06 10:44:38,,1459.0,False,False
351940,The Descendant,2016-03-24,0,14.99,0,344.0,257.0,87.0,0.747093023255814,9.0,2016-12-15 11:57:31,"patchnotes, patchnotes, patchnotes, auto_migrated, hide_library_overview, hide_library_detail",3427.0,False,True
353270,Hyperdimension Neptunia Re;Birth3 V Generation,2015-10-30,0,14.99,9,1478.0,1399.0,79.0,0.946549391069012,15.0,2020-01-22 15:06:12,patchnotes,2294.0,False,True
356190,Middle-earth™: Shadow of War™,2017-10-09,0,49.99,8,35891.0,31689.0,4202.0,0.8829232955336993,2042.0,2026-02-13 03:00:37,,80.0,False,False
359320,Elite Dangerous,2015-04-02,0,19.99,2,52488.0,40245.0,12243.0,0.7667466849565615,6036.0,2025-12-11 05:05:30,patchnotes,144.0,False,True
359550,Tom Clancy's Rainbow Six Siege,,1,0.0,9,636155.0,527067.0,109088.0,0.8285197789846814,69728.0,2026-04-29 10:30:32,,5.0,True,False
361420,ASTRONEER,2019-02-05,0,29.99,9,53282.0,48788.0,4494.0,0.915656319207237,1869.0,2026-02-11 12:58:28,patchnotes,82.0,False,True
362890,Black Mesa,2020-03-06,0,19.99,0,69269.0,65727.0,3542.0,0.94886601510055,877.0,2025-07-01 17:18:36,patchnotes,307.0,False,True
365450,Hacknet,2015-08-12,0,9.99,3,7538.0,7104.0,434.0,0.942425046431414,42.0,2026-02-01 04:44:07,workshop,92.0,False,False
365590,Tom Clancy’s The Division™,2016-03-07,0,29.99,11,27234.0,20005.0,7229.0,0.7345597414995961,806.0,2026-03-31 12:00:55,"mod_reviewed, ModAct_871423085_1774974206_0, mod_require_rereview",34.0,False,False
367520,Hollow Knight,2017-02-24,0,14.99,2,176283.0,171130.0,5153.0,0.9707685936817504,6889.0,2026-03-27 00:25:36,"patchnotes, mod_reviewed, ModAct_1751692459_1774586160_0, mod_require_rereview",39.0,False,True
368260,Marvel's Midnight Suns,2022-12-01,0,8.99,6,11336.0,9459.0,1877.0,0.8344213126323218,438.0,2024-11-25 16:13:36,patchnotes,525.0,False,True
370910,Kathy Rain,2016-05-05,0,9.99,0,1259.0,1165.0,94.0,0.9253375694996028,6.0,2026-04-13 13:00:51,,21.0,True,False
374320,DARK SOULS™ III,2016-04-11,0,59.99,3,105848.0,99560.0,6288.0,0.9405940594059404,6465.0,2025-07-13 18:15:51,,295.0,False,False
377160,Fallout 4,2015-11-09,0,19.99,10,181110.0,146732.0,34378.0,0.8101816575561813,13855.0,2025-11-17 11:25:09,patchnotes,168.0,False,True
377840,FINAL FANTASY IX,,0,7.19,3,6768.0,6401.0,367.0,0.945774231678487,461.0,2020-08-06 05:36:37,patchnotes,2097.0,False,True
379720,DOOM,2016-05-12,0,19.99,1,83254.0,79592.0,3662.0,0.956014125447426,662.0,2026-04-18 15:16:37,,16.0,True,False
381210,Dead by Daylight,2016-06-14,0,7.99,39,253581.0,201834.0,51747.0,0.7959350266778662,70546.0,2026-04-29 14:01:39,,5.0,True,False
381800,DRIFT 84,2015-07-14,0,2.99,0,11.0,2.0,9.0,0.1818181818181818,0.0,2015-07-20 21:26:29,"patchnotes, auto_migrated, hide_library_overview, hide_library_detail",3941.0,False,True
383870,Firewatch,2016-02-09,0,19.99,1,55595.0,49580.0,6015.0,0.8918068171598166,108.0,2021-12-21 17:51:29,patchnotes,1595.0,False,True
386180,Crossout,2017-07-26,1,0.0,41,547.0,331.0,216.0,0.6051188299817185,2050.0,2026-04-09 04:00:29,patchnotes,25.0,True,True
386360,SMITE®,2015-09-08,1,0.0,13,750.0,586.0,164.0,0.7813333333333333,1395.0,2025-02-04 10:26:03,,454.0,False,False
388410,Darksiders II Deathinitive Edition,2015-11-05,0,4.49,1,4878.0,3677.0,1201.0,0.7537925379253793,395.0,2024-12-15 21:50:00,,505.0,False,False
391220,Rise of the Tomb Raider™,2016-02-09,0,29.99,0,31135.0,28848.0,2287.0,0.926545688132327,1242.0,2022-09-27 13:35:34,patchnotes,1315.0,False,True
391540,Undertale,2015-09-15,0,9.99,1,160011.0,154561.0,5450.0,0.9659398416358876,1232.0,2025-03-17 10:56:06,,413.0,False,False
394360,Hearts of Iron IV,,0,10.49,26,120817.0,110075.0,10742.0,0.911088671296258,47107.0,2026-04-29 08:36:48,"patchnotes, workshop, mod_reviewed, ModAct_1526778620_1777466710_0, ModAct_1894963720_1777477229_4, mod_require_rereview",5.0,True,True
397540,Borderlands 3,2020-03-13,0,59.99,2,59661.0,48518.0,11143.0,0.8132280719397932,2150.0,2026-03-19 13:06:52,,46.0,False,False
397950,Clustertruck,2016-09-27,0,2.99,1,9677.0,9078.0,599.0,0.9381006510282112,81.0,2016-10-19 13:57:23,"patchnotes, workshop, auto_migrated, hide_library_overview, hide_library_detail",3484.0,False,True
400040,ShareX,2015-10-02,1,0.0,0,10.0,9.0,1.0,0.9,3556.0,2019-08-27 20:38:07,patchnotes,2442.0,False,True
405900,Disgaea PC,2016-02-24,0,9.99,0,2589.0,2289.0,300.0,0.884125144843569,63.0,2022-02-10 21:08:21,,1544.0,False,False
409710,BioShock™ Remastered,2016-09-15,0,19.99,0,25691.0,21020.0,4671.0,0.8181853567397143,482.0,2024-11-25 16:08:59,patchnotes,525.0,False,True
410320,EARTH DEFENSE FORCE 4.1 The Shadow of New Despair,2016-07-18,0,19.99,18,5854.0,5644.0,210.0,0.9641270925862658,154.0,2025-10-23 10:00:40,,193.0,False,False
413150,Stardew Valley,,0,48.0,1,384152.0,379883.0,4269.0,0.9888872113121888,53138.0,2026-04-10 18:29:01,,24.0,True,False
418240,Shadow Tactics: Blades of the Shogun,2016-12-06,0,39.99,2,8989.0,8535.0,454.0,0.9494938257870732,135.0,2024-09-05 06:14:09,,606.0,False,False
418370,Resident Evil 7 Biohazard,2017-01-23,0,19.99,6,31065.0,29411.0,1654.0,0.9467568002575244,2046.0,2023-05-08 00:45:56,patchnotes,1093.0,False,True
424840,Little Nightmares,2017-04-27,0,2.99,9,18794.0,17773.0,1021.0,0.945674151324891,431.0,2026-04-30 10:45:17,,4.0,True,False
427520,Factorio,2020-08-14,0,35.0,3,114780.0,112813.0,1967.0,0.9828628680954872,21449.0,2026-03-19 06:35:03,patchnotes,46.0,False,True
431240,Golf With Your Friends,2020-05-19,0,2.39,18,36289.0,32340.0,3949.0,0.8911791451955138,2706.0,2025-07-23 09:59:54,patchnotes,285.0,False,True
431960,Wallpaper Engine,,0,4.29,1,224567.0,220368.0,4199.0,0.9813017941193496,76060.0,2021-12-03 11:55:30,"patchnotes, enable_steam_china",1613.0,False,True
433850,Z1 Battle Royale,2018-02-28,1,0.0,0,37448.0,19185.0,18263.0,0.5123104037598804,43.0,2020-02-19 17:16:47,patchnotes,2266.0,False,True
435150,Divinity: Original Sin 2 - Definitive Edition,2017-09-14,0,44.99,3,82462.0,78554.0,3908.0,0.9526084742063012,6500.0,2026-02-14 19:28:27,,79.0,False,False
435400,Hidden Folks,2017-02-15,0,14.99,1,3170.0,3063.0,107.0,0.9662460567823344,14.0,2018-03-14 04:36:59,"patchnotes, auto_migrated, hide_library_overview, hide_library_detail",2973.0,False,True
438100,VRChat,2017-02-01,1,0.0,0,109.0,91.0,18.0,0.8348623853211009,47716.0,2026-04-28 17:43:35,,6.0,True,False
438740,Friday the 13th: The Game,2017-05-25,0,,0,20603.0,15959.0,4644.0,0.7745959326311702,11.0,2019-01-30 15:32:10,patchnotes,2651.0,False,True
444090,Paladins®,2018-05-08,1,0.0,8,3282.0,2555.0,727.0,0.7784887263863498,1090.0,2025-02-03 11:44:25,patchnotes,455.0,False,True
447040,Watch_Dogs® 2,,0,65000.0,30,24532.0,20125.0,4407.0,0.8203570846241643,738.0,2025-02-06 17:04:33,,452.0,False,False
450390,The Lab,2016-04-05,1,0.0,0,250.0,231.0,19.0,0.924,14.0,2021-08-26 11:26:15,patchnotes,1712.0,False,True
457140,Oxygen Not Included,2019-07-30,0,24.99,6,48346.0,46412.0,1934.0,0.9599966905224836,8077.0,2026-04-15 16:57:55,patchnotes,19.0,True,True
460930,Tom Clancy's Ghost Recon® Wildlands,,0,55000.0,4,37223.0,29817.0,7406.0,0.8010369932568573,1407.0,2019-04-30 12:06:09,patchnotes,2561.0,False,True
462780,Darksiders Warmastered Edition,,0,3000.0,0,4196.0,3617.0,579.0,0.8620114394661582,410.0,2017-03-08 13:01:42,"patchnotes, auto_migrated, hide_library_overview, hide_library_detail",3344.0,False,True
466240,Deceit,2017-03-03,0,,0,729.0,495.0,234.0,0.6790123456790124,24.0,2022-04-21 10:35:02,patchnotes,1474.0,False,True
466560,Northgard: Definitive Edition,,0,37500.0,12,23053.0,19472.0,3581.0,0.8446622999175812,1716.0,2026-03-03 09:54:44,patchnotes,62.0,False,True
473690,Absolver,2017-08-29,0,29.99,2,7345.0,5440.0,1905.0,0.7406398910823689,17.0,2020-05-05 04:00:36,,2190.0,False,False
477160,Human Fall Flat,2016-07-22,0,5.99,1,30416.0,28969.0,1447.0,0.9524263545502368,1322.0,2025-10-30 10:04:34,patchnotes,186.0,False,True
482730,Football Manager 2017,2016-11-03,0,,0,2250.0,1400.0,850.0,0.6222222222222222,509.0,2021-04-21 07:17:10,,1839.0,False,False
489520,Minion Masters,2019-05-24,1,0.0,22,659.0,521.0,138.0,0.7905918057663126,326.0,2026-04-30 00:57:44,,5.0,True,False
489830,The Elder Scrolls V: Skyrim Special Edition,,0,34.99,2,125894.0,119281.0,6613.0,0.94747168252657,26225.0,2026-04-26 17:00:31,,8.0,True,False
489940,BATTALION: Legacy,2019-05-23,1,0.0,0,8731.0,5256.0,3475.0,0.6019928988661093,3.0,2022-08-17 13:31:18,patchnotes,1356.0,False,True
493340,Planet Coaster,2016-11-17,0,44.99,11,31037.0,28134.0,2903.0,0.9064664754969874,659.0,2020-03-17 12:20:15,patchnotes,2239.0,False,True
493520,GTFO,,0,44.99,0,25269.0,22363.0,2906.0,0.8849974276781828,676.0,2025-10-17 02:54:09,patchnotes,199.0,False,True
494840,UBOAT,2024-08-02,0,29.99,2,11315.0,9637.0,1678.0,0.8517012814847548,1958.0,2026-05-03 09:54:53,patchnotes,1.0,True,True
504230,Celeste,2018-01-25,0,19.99,1,58800.0,57285.0,1515.0,0.974234693877551,1881.0,2021-03-29 19:53:35,patchnotes,1862.0,False,True
504370,Battlerite,2017-11-08,1,0.0,4,9844.0,8677.0,1167.0,0.8814506298252742,58.0,2019-07-09 01:43:41,patchnotes,2492.0,False,True
508440,Totally Accurate Battle Simulator,2021-04-01,0,19.99,1,82399.0,80834.0,1565.0,0.9810070510564448,1557.0,2024-12-17 06:08:02,patchnotes,503.0,False,True
513710,SCUM,2025-06-17,0,44.99,15,37395.0,27706.0,9689.0,0.740901189998663,9239.0,2026-04-29 09:59:35,patchnotes,5.0,True,True
518790,theHunter: Call of the Wild™,2017-02-16,0,19.99,59,61946.0,55953.0,5993.0,0.9032544474219482,4090.0,2026-04-14 10:12:37,,20.0,True,False
520720,Dear Esther: Landmark Edition,2017-02-14,0,9.99,0,1402.0,1064.0,338.0,0.7589158345221113,10.0,,,,False,False
524220,NieR:Automata™,,0,21.4,8,49156.0,44278.0,4878.0,0.900764911709659,1244.0,2026-03-17 11:29:27,,48.0,False,False
526160,The Wild Eight,2019-10-03,0,24.99,2,1784.0,1230.0,554.0,0.6894618834080718,10.0,2024-10-07 14:12:08,,574.0,False,False
526870,Satisfactory,2024-09-10,0,39.99,1,132183.0,128949.0,3234.0,0.975533918885182,24674.0,2026-04-28 13:49:45,patchnotes,6.0,True,True
527230,For The King,2018-04-19,0,3.99,7,11547.0,10265.0,1282.0,0.8889754914696458,545.0,2025-11-10 05:16:29,,175.0,False,False
529340,Victoria 3,2022-10-25,0,14.99,17,20073.0,14189.0,5884.0,0.7068699247745728,12025.0,2026-04-30 14:29:41,patchnotes,4.0,True,True
530620,Resident Evil 7 Teaser: Beginning Hour,2016-12-18,1,0.0,0,174.0,147.0,27.0,0.8448275862068966,17.0,2016-12-26 23:48:06,"patchnotes, patchnotes, auto_migrated, hide_library_overview, hide_library_detail",3416.0,False,True
534380,Dying Light 2 Stay Human: Reloaded Edition,2022-02-03,0,59.99,14,67546.0,52908.0,14638.0,0.7832884256654724,3805.0,2025-11-06 12:49:22,patchnotes,179.0,False,True
535930,Two Point Hospital,,0,99.0,13,12547.0,11707.0,840.0,0.9330517255120746,688.0,2025-10-10 09:14:38,patchnotes,206.0,False,True
548430,Deep Rock Galactic,2020-05-13,0,29.99,14,169155.0,165548.0,3607.0,0.9786763619165854,6487.0,2026-03-02 07:50:22,patchnotes,63.0,False,True
552500,Warhammer: Vermintide 2,2018-03-08,0,29.99,21,43564.0,39231.0,4333.0,0.9005371407584244,2060.0,2025-11-27 06:27:48,patchnotes,158.0,False,True
552520,Far Cry® 5,,0,59.99,5,68579.0,55104.0,13475.0,0.8035112789629478,2097.0,2024-12-17 09:06:06,,503.0,False,False
552990,World of Warships,2017-11-15,1,0.0,25,820.0,638.0,182.0,0.7780487804878049,10607.0,2026-05-02 06:00:53,,2.0,True,False
553850,HELLDIVERS™ 2,,0,39.99,1,622303.0,505656.0,116647.0,0.812555941398322,40980.0,2026-04-28 05:01:36,"patchnotes, mod_reviewed, ModAct_1415716708_1777367857_0, mod_require_rereview",6.0,True,True
560130,Pillars of Eternity II: Deadfire,,0,39.99,10,8183.0,7188.0,995.0,0.8784064524013198,514.0,2025-06-16 17:40:44,,322.0,False,False
563560,Alien Swarm: Reactive Drop,2017-04-20,1,0.0,0,0.0,0.0,0.0,,132.0,2025-09-20 15:16:56,patchnotes,226.0,False,True
573090,Stormworks: Build and Rescue,2020-09-17,0,24.99,3,40240.0,36459.0,3781.0,0.9060387673956264,1878.0,2025-12-19 07:09:42,patchnotes,136.0,False,True
578080,PUBG: BATTLEGROUNDS,2017-12-21,1,0.0,0,278515.0,176652.0,101863.0,0.634263863705725,299111.0,2026-05-02 22:45:54,,2.0,True,False
581320,Insurgency: Sandstorm,2018-12-12,0,29.99,59,59255.0,51210.0,8045.0,0.8642308665935364,1339.0,2025-11-17 11:16:43,patchnotes,168.0,False,True
582010,Monster Hunter: World,,0,29.99,200,113939.0,105191.0,8748.0,0.92322207496994,10345.0,2026-03-13 05:03:11,,52.0,False,False
582660,Black Desert,,0,9.99,3,35522.0,25737.0,9785.0,0.7245369067057035,23196.0,2026-04-30 18:41:45,,4.0,True,False
588650,Dead Cells,,0,24.99,8,43596.0,42013.0,1583.0,0.9636893292962656,1960.0,2026-02-12 17:45:26,,81.0,False,False
594570,Total War: WARHAMMER II,,0,59800.0,22,50658.0,47268.0,3390.0,0.9330806585336966,1239.0,2026-03-19 14:02:17,,46.0,False,False
594650,Hunt: Showdown 1896,,0,21.59,74,93207.0,71854.0,21353.0,0.7709077644382932,20603.0,2026-03-23 06:56:30,patchnotes,42.0,False,True
601150,Devil May Cry 5,2019-03-07,0,29.99,32,37678.0,36027.0,1651.0,0.9561813259727162,901.0,2025-12-09 15:42:00,,146.0,False,False
602960,Barotrauma,2023-03-13,0,17.49,3,27559.0,26279.0,1280.0,0.9535541928226714,5886.0,2026-04-21 05:19:09,patchnotes,13.0,True,True
611790,House Party,2022-07-15,0,24.99,9,6232.0,5466.0,766.0,0.8770860077021823,133.0,2026-03-09 21:02:35,patchnotes,56.0,False,True
613100,House Flipper,2018-05-17,0,24.99,10,45162.0,42562.0,2600.0,0.9424294761082326,5191.0,2026-04-24 12:15:13,"workshop, mod_reviewed, ModAct_1827889981_1777047951_0",10.0,True,False
617290,Remnant: From the Ashes,2019-08-19,0,39.99,2,24137.0,20888.0,3249.0,0.865393379458922,476.0,2024-04-05 12:37:29,,759.0,False,False
620590,Ancestors Legacy,2018-05-22,0,34.99,4,2120.0,1638.0,482.0,0.7726415094339623,37.0,2025-10-31 14:16:36,,185.0,False,False
620980,Beat Saber,2019-05-21,0,29.99,269,52874.0,50700.0,2174.0,0.9588833831372696,443.0,2026-01-29 08:09:47,"patchnotes, hide_library_detail",95.0,False,True
629760,MORDHAU,2019-04-29,0,29.99,9,59033.0,48024.0,11009.0,0.8135110870191249,847.0,2024-07-16 05:06:06,patchnotes,657.0,False,True
632360,Risk of Rain 2,,0,24.99,7,160094.0,152553.0,7541.0,0.9528964233512812,6170.0,2026-02-19 13:16:08,patchnotes,74.0,False,True
632470,Disco Elysium - The Final Cut,,0,37.99,2,55776.0,51487.0,4289.0,0.923103126792886,1698.0,2026-03-31 12:32:03,,34.0,False,False
635260,CarX Drift Racing Online,2017-11-17,0,16.99,31,39738.0,37893.0,1845.0,0.9535708893250792,1535.0,2026-03-27 18:31:27,patchnotes,38.0,False,True
637650,FINAL FANTASY XV WINDOWS EDITION,2018-03-06,0,13.99,4,17543.0,14478.0,3065.0,0.8252864390355127,559.0,2026-03-17 11:27:29,,48.0,False,False
640820,Pathfinder: Kingmaker — Enhanced Plus Edition,2018-09-25,0,19.99,6,17604.0,13461.0,4143.0,0.7646557600545331,792.0,2026-03-19 17:04:23,,46.0,False,False
646570,Slay the Spire,,0,5.74,1,75295.0,73437.0,1858.0,0.975323726675078,10904.0,2026-04-17 18:56:11,,17.0,True,False
648800,Raft,,0,10.99,0,127960.0,119905.0,8055.0,0.937050640825258,8137.0,2026-03-12 11:57:19,patchnotes,53.0,False,True
666140,My Time at Portia,2019-01-15,0,29.99,6,12030.0,11049.0,981.0,0.9184538653366584,335.0,2026-04-01 05:32:23,,33.0,False,False
674940,Stick Fight: The Game,2017-09-28,0,4.99,1,52431.0,49408.0,3023.0,0.9423432702027428,299.0,2019-10-22 10:49:20,patchnotes,2386.0,False,True
677620,Splitgate,2019-05-24,1,0.0,0,157.0,147.0,10.0,0.9363057324840764,15.0,2026-03-27 16:43:16,workshop,38.0,False,False
678950,DRAGON BALL FighterZ,,0,79.99,30,25821.0,23585.0,2236.0,0.9134038185972658,990.0,2026-04-14 13:23:33,patchnotes,20.0,True,True
680420,OUTRIDERS,2021-04-01,0,19.99,2,30501.0,21015.0,9486.0,0.688993803481853,258.0,2022-08-25 11:50:14,patchnotes,1348.0,False,True
683320,GRIS,,0,3.69,1,26660.0,25353.0,1307.0,0.9509752438109528,108.0,2024-12-17 11:29:23,,503.0,False,False
686810,Hell Let Loose,2021-07-27,0,49.99,33,61424.0,51492.0,9932.0,0.8383042458973691,5957.0,2026-04-02 09:00:50,patchnotes,32.0,False,True
690790,DiRT Rally 2.0,2019-02-25,0,13.99,44,18443.0,16501.0,1942.0,0.8947025971913463,1181.0,2021-04-07 12:00:40,patchnotes,1853.0,False,True
698780,Doki Doki Literature Club!,2017-10-06,1,0.0,1,212.0,209.0,3.0,0.9858490566037736,619.0,2026-04-09 20:50:15,,25.0,True,False
700330,SCP: Secret Laboratory,2017-12-29,1,0.0,0,0.0,0.0,0.0,,4664.0,2026-03-25 15:59:37,"patchnotes, mod_reviewed, ModAct_1890460210_1774469308_0, mod_require_rereview",40.0,False,True
704270,Generation Zero®,2019-03-26,0,24.99,23,18100.0,13927.0,4173.0,0.7694475138121547,369.0,2025-01-16 04:22:17,patchnotes,473.0,False,True
704850,Thief Simulator,2018-11-09,0,19.99,2,11193.0,9878.0,1315.0,0.8825158581256142,315.0,2026-04-30 07:01:01,,4.0,True,False
714010,Aimlabs,,1,0.0,8,95.0,75.0,20.0,0.7894736842105263,4590.0,2026-04-29 18:09:22,workshop,5.0,True,False
714120,Little Misfortune,,0,20500.0,2,5350.0,4841.0,509.0,0.904859813084112,21.0,2019-04-26 08:50:01,patchnotes,2565.0,False,True
728880,Overcooked! 2,2018-08-07,0,24.99,6,14168.0,13263.0,905.0,0.936123658949746,2774.0,2023-05-31 11:00:30,patchnotes,1069.0,False,True
736260,Baba Is You,,0,17.49,1,12223.0,11962.0,261.0,0.9786468133846028,347.0,2024-12-06 13:39:14,patchnotes,514.0,False,True
739630,Phasmophobia,,0,18.99,0,350046.0,336303.0,13743.0,0.9607394456728544,16325.0,2026-04-13 08:08:16,patchnotes,21.0,True,True
742420,Saints Row,,0,30400.0,15,2901.0,1760.0,1141.0,0.6066873491899345,149.0,2024-03-03 13:00:57,,792.0,False,False
750920,Shadow of the Tomb Raider: Definitive Edition,,0,44000.0,0,23348.0,19822.0,3526.0,0.8489806407401063,965.0,2023-07-12 18:47:57,patchnotes,1027.0,False,True
751780,Forager,,0,20500.0,0,13309.0,11728.0,1581.0,0.8812082049740777,384.0,2021-06-16 13:41:06,,1783.0,False,False
752590,A Plague Tale: Innocence,,0,44800.0,1,20921.0,19461.0,1460.0,0.9302136609148702,190.0,2025-06-08 17:39:32,,330.0,False,False
753640,Outer Wilds,,0,29500.0,2,50018.0,47568.0,2450.0,0.9510176336518852,1318.0,2025-05-06 19:19:57,patchnotes,363.0,False,True
755790,Ring of Elysium,2019-06-24,0,,0,233.0,167.0,66.0,0.7167381974248928,1.0,2021-10-14 02:20:51,"patchnotes, workshop",1664.0,False,True
761890,Albion Online,2018-05-16,1,0.0,0,898.0,632.0,266.0,0.7037861915367484,12875.0,2026-05-04 06:00:16,patchnotes,0.0,True,True
763890,Wildermyth,2021-06-15,0,24.99,3,11574.0,11019.0,555.0,0.9520476931052358,156.0,2026-01-28 11:30:57,patchnotes,96.0,False,True
766570,Russian Fishing 4,2021-11-10,1,0.0,2,0.0,0.0,0.0,,12311.0,2026-04-24 02:05:40,,11.0,True,False
774171,Muse Dash,,0,18.0,1,29269.0,27691.0,1578.0,0.9460863029143464,385.0,2026-04-24 05:00:26,,10.0,True,False
774801,Crab Champions,2023-04-01,0,9.99,0,22357.0,21918.0,439.0,0.980364091783334,557.0,2025-11-21 19:18:58,patchnotes,164.0,False,True
774861,Project Winter,2019-05-23,0,9.99,1,4737.0,4118.0,619.0,0.8693265780029554,30.0,2026-03-25 11:58:17,,40.0,False,False
779340,Total War: THREE KINGDOMS,2019-05-23,0,59.99,12,17215.0,14467.0,2748.0,0.8403717688062736,3209.0,2025-10-30 07:04:42,patchnotes,186.0,False,True
780290,Gloomhaven,,0,79.0,3,10087.0,8289.0,1798.0,0.8217507683156539,453.0,2024-01-15 08:43:12,patchnotes,840.0,False,True
782330,DOOM Eternal,,0,53.49,13,119751.0,109118.0,10633.0,0.9112074220674566,1033.0,2024-08-08 16:24:25,patchnotes,634.0,False,True
787480,Phoenix Wright: Ace Attorney Trilogy,2019-04-09,0,29.99,4,9750.0,9541.0,209.0,0.9785641025641024,666.0,2024-09-10 04:01:38,patchnotes,601.0,False,True
789950,INFERNIUM,2018-04-03,0,29.99,0,86.0,66.0,20.0,0.7674418604651163,0.0,2019-05-27 13:53:51,patchnotes,2534.0,False,True
794260,Outward Definitive Edition,,0,39.99,1,15373.0,11255.0,4118.0,0.7321277564561244,597.0,2025-10-28 13:54:52,patchnotes,188.0,False,True
795100,Friday the 13th: Killer Puzzle,2018-04-12,0,,0,30.0,27.0,3.0,0.9,2.0,2025-10-07 17:42:01,patchnotes,209.0,False,True
805550,Assetto Corsa Competizione,2019-05-29,0,39.99,9,13831.0,12797.0,1034.0,0.9252404019955172,4296.0,2025-10-22 07:06:06,patchnotes,194.0,False,True
812140,Assassin's Creed® Odyssey,2018-10-05,0,59.99,3,58049.0,51916.0,6133.0,0.8943478785164258,5271.0,2023-03-28 10:19:55,patchnotes,1133.0,False,True
812810,missed messages.,2019-05-30,1,0.0,1,9.0,9.0,0.0,1.0,4.0,,,,False,False
812900,Bump Bump Bump,2018-08-09,0,3.99,0,1.0,1.0,0.0,1.0,0.0,2018-08-07 16:37:11,,2827.0,False,False
813780,Age of Empires II: Definitive Edition,,0,36500.0,15,59999.0,57037.0,2962.0,0.9506325105418424,22636.0,2026-04-24 17:03:06,patchnotes,10.0,True,True
814380,Sekiro™: Shadows Die Twice - GOTY Edition,2019-03-21,0,59.99,0,85654.0,80408.0,5246.0,0.9387535900249844,2952.0,2026-04-12 17:23:34,,22.0,True,False
816020,JUMP FORCE,2019-02-14,0,,0,7545.0,5726.0,1819.0,0.7589131875414181,11.0,2020-10-22 08:12:27,patchnotes,2020.0,False,True
823130,Totally Accurate Battlegrounds,2018-06-05,1,0.0,0,10677.0,9692.0,985.0,0.9077456214292404,127.0,2025-10-27 07:19:25,patchnotes,189.0,False,True
823500,BONEWORKS,2019-12-10,0,29.99,1,29447.0,27290.0,2157.0,0.9267497537949536,36.0,2020-12-29 15:07:29,,1952.0,False,False
824270,KovaaK's,2018-04-03,0,9.99,2,22028.0,20655.0,1373.0,0.937670237879063,2774.0,2025-12-17 12:22:24,"patchnotes, workshop",138.0,False,True
834910,ATLAS,2018-12-22,0,29.99,1,19956.0,9353.0,10603.0,0.4686810984165163,394.0,2022-09-27 14:54:04,patchnotes,1315.0,False,True
835570,Conqueror's Blade,2020-04-05,1,0.0,9,288.0,201.0,87.0,0.6979166666666666,2930.0,2026-04-30 08:31:35,"mod_reviewed, ModAct_1434411615_1777552605_0, ModAct_1434411615_1777866155_4, mod_require_rereview",4.0,True,False
838350,The Scroll Of Taiwu,2018-09-20,0,19.99,8,700.0,525.0,175.0,0.75,409.0,2025-12-02 02:39:20,patchnotes,154.0,False,True
844870,KurtzPel,2019-04-30,1,0.0,0,39.0,19.0,20.0,0.4871794871794871,16.0,2026-04-22 00:56:43,,13.0,True,False
846770,DYSMANTLE,2021-11-16,0,19.99,3,4830.0,4376.0,454.0,0.9060041407867496,156.0,2025-09-11 09:35:31,patchnotes,235.0,False,True
848450,Subnautica: Below Zero,2021-05-13,0,29.99,1,53423.0,47839.0,5584.0,0.8954757314265391,2290.0,2025-10-03 18:09:51,patchnotes,213.0,False,True
858820,Tribes of Midgard,,0,24.99,3,6732.0,5014.0,1718.0,0.7448009506833037,145.0,2023-08-30 09:19:43,patchnotes,978.0,False,True
860510,Little Nightmares II,2021-02-10,0,4.49,1,15493.0,14428.0,1065.0,0.9312592783837862,715.0,2026-04-30 10:45:26,,4.0,True,False
860950,Mark of the Ninja: Remastered,2018-10-09,0,19.99,0,2651.0,2561.0,90.0,0.96605054696341,21.0,2019-02-19 16:55:24,patchnotes,2631.0,False,True
863550,HITMAN™ 2,2018-11-13,0,,0,13774.0,12652.0,1122.0,0.918542180920575,168.0,2025-09-25 07:10:12,,221.0,False,False
870780,CONTROL Ultimate Edition,,0,32.99,0,24213.0,21490.0,2723.0,0.8875397513732293,734.0,2026-03-08 15:36:00,,57.0,False,False
871720,Ultimate Custom Night,2018-06-27,1,0.0,0,6.0,6.0,0.0,1.0,161.0,2019-04-16 20:18:20,,2575.0,False,False
880940,Pummel Party,2018-09-20,0,14.99,0,14284.0,12570.0,1714.0,0.8800056006720807,2051.0,2024-09-25 13:53:24,patchnotes,586.0,False,True
881100,Noita,2020-10-15,0,7.99,1,46270.0,44222.0,2048.0,0.9557380592176355,2188.0,2025-01-25 09:44:58,patchnotes,464.0,False,True
882100,XCOM®: Chimera Squad,,0,4.49,0,12841.0,9501.0,3340.0,0.7398956467564831,88.0,2024-11-25 16:13:11,patchnotes,525.0,False,True
883710,Resident Evil 2,2019-01-24,0,39.99,13,55100.0,53415.0,1685.0,0.9694192377495464,3835.0,2026-03-10 12:00:00,,55.0,False,False
885970,Total War: ROME REMASTERED,2021-04-29,0,29.99,1,7973.0,6208.0,1765.0,0.778627869058071,1529.0,2026-04-16 13:06:34,,18.0,True,False
892970,Valheim,,0,26.99,1,254741.0,241187.0,13554.0,0.9467930172214132,27054.0,2026-02-19 03:09:28,patchnotes,74.0,False,True
893520,Creative Destruction,2018-08-02,0,,0,225.0,157.0,68.0,0.6977777777777778,1.0,2020-06-01 22:50:20,patchnotes,2163.0,False,True
899440,GOD EATER 3,2019-02-07,0,5.99,0,3139.0,2716.0,423.0,0.8652437081873208,94.0,2020-01-23 05:57:44,patchnotes,2293.0,False,True
899770,Last Epoch,2024-02-21,0,34.99,8,59356.0,47789.0,11567.0,0.8051250084237482,3001.0,2026-04-29 12:00:34,patchnotes,5.0,True,True
905370,Conqueror's Blade,2019-05-30,0,,0,574.0,387.0,187.0,0.6742160278745645,1.0,2024-12-04 08:01:48,,516.0,False,False
916440,Anno 1800,2019-04-16,0,59.99,35,11584.0,9127.0,2457.0,0.7878970994475138,2716.0,2024-12-03 09:54:55,patchnotes,517.0,False,True
920210,LEGO® Star Wars™: The Skywalker Saga,,0,9.99,16,26286.0,23543.0,2743.0,0.8956478733926805,1691.0,2026-04-30 13:18:10,,4.0,True,False
921570,OCTOPATH TRAVELER™,,0,25.19,0,4898.0,4226.0,672.0,0.8628011433238056,502.0,2026-03-17 10:17:42,,48.0,False,False
924970,Back 4 Blood,2021-10-12,0,59.99,4,25164.0,18139.0,7025.0,0.7208313463678271,776.0,2024-05-15 13:07:34,patchnotes,719.0,False,True
934700,Dead Island 2,,0,68.99,14,9140.0,6949.0,2191.0,0.7602844638949672,3380.0,2024-12-10 11:00:41,patchnotes,510.0,False,True
945360,Among Us,,0,2.49,0,371888.0,343406.0,28482.0,0.9234124252463108,9341.0,2025-10-14 13:00:35,patchnotes,202.0,False,True
952060,Resident Evil 3,2020-04-02,0,39.99,5,30265.0,25030.0,5235.0,0.8270279200396498,1944.0,2023-09-24 22:20:49,patchnotes,953.0,False,True
960090,Bloons TD 6,,0,31.0,3,224680.0,218743.0,5937.0,0.9735757521808794,11517.0,2026-04-28 18:54:22,,6.0,True,False
960170,DJMAX RESPECT V,2020-03-11,0,9.99,58,4120.0,3584.0,536.0,0.8699029126213592,319.0,2026-02-04 01:00:10,patchnotes,90.0,False,True
973580,Sniper Ghost Warrior Contracts,,0,29.99,10,3560.0,2722.0,838.0,0.7646067415730337,133.0,2024-10-29 14:24:14,patchnotes,552.0,False,True
976590,Bus Simulator 21 Next Stop,,0,58.49,19,1127.0,831.0,296.0,0.7373558118899733,178.0,2023-11-17 11:00:32,patchnotes,899.0,False,True
976730,Halo: The Master Chief Collection,,0,39.99,6,161233.0,148033.0,13200.0,0.9181309037231832,4670.0,2025-02-28 16:40:55,patchnotes,430.0,False,True
990080,Hogwarts Legacy,2023-02-10,0,59.99,1,140718.0,128486.0,12232.0,0.913074375701758,6799.0,2025-12-03 12:00:28,patchnotes,152.0,False,True
1003590,Tetris® Effect: Connected,,0,41000.0,2,5472.0,5166.0,306.0,0.944078947368421,86.0,2026-03-28 08:00:08,,37.0,False,False
1016120,PGA TOUR 2K21,2020-08-20,0,,0,4659.0,3812.0,847.0,0.8182013307576733,19.0,2021-06-18 14:22:37,,1781.0,False,False
1029690,Sniper Elite 5,2022-05-25,0,49.99,16,10591.0,8886.0,1705.0,0.8390142573883486,1644.0,2023-08-22 09:09:31,patchnotes,986.0,False,True
1044720,Farthest Frontier,2025-10-23,0,34.99,0,10447.0,9118.0,1329.0,0.8727864458696276,3587.0,2025-11-24 15:08:10,patchnotes,161.0,False,True
1057090,Ori and the Will of the Wisps,,0,29900.0,1,30607.0,29652.0,955.0,0.968797987388506,589.0,2020-11-19 18:06:52,patchnotes,1992.0,False,True
1063730,New World: Aeternum,2021-09-28,0,,0,145759.0,97140.0,48619.0,0.6664425524324399,673.0,2026-01-31 10:17:21,,93.0,False,False
1066890,Automobilista 2,,0,41000.0,20,5380.0,4857.0,523.0,0.9027881040892192,1295.0,2026-01-20 08:14:10,patchnotes,104.0,False,True
1085660,Destiny 2,,1,0.0,16,78095.0,60457.0,17638.0,0.7741468723990013,9985.0,2026-04-30 16:20:52,,4.0,True,False
1086940,Baldur's Gate 3,2023-08-03,0,44.99,2,439959.0,426028.0,13931.0,0.96833568582527,49083.0,2026-03-26 10:40:05,patchnotes,39.0,False,True
1091500,Cyberpunk 2077,2020-12-09,0,59.99,3,372979.0,331047.0,41932.0,0.8875754399041232,36786.0,2026-04-29 05:14:55,,5.0,True,False
1097150,Fall Guys,,0,,0,148235.0,124208.0,24027.0,0.8379127736364557,657.0,2023-11-08 12:48:56,patchnotes,908.0,False,True
1113000,Persona 4 Golden,,0,9900.0,0,44818.0,43653.0,1165.0,0.9740059797402828,1096.0,2023-04-19 23:30:00,patchnotes,1111.0,False,True
1145360,Hades,,0,32.5,1,139927.0,137716.0,2211.0,0.9841989037140796,5044.0,2025-09-25 12:11:33,,221.0,False,False
1158310,Crusader Kings III,,0,34.99,33,48624.0,44019.0,4605.0,0.9052936821322805,26467.0,2026-04-23 04:05:43,patchnotes,11.0,True,True
1172470,Apex Legends™,2020-11-04,1,0.0,0,1042.0,823.0,219.0,0.789827255278311,108621.0,2026-04-07 17:10:40,patchnotes,27.0,True,True
1174180,Red Dead Redemption 2,,0,4999.0,0,295812.0,271845.0,23967.0,0.9189789460873798,26250.0,2026-04-07 05:00:00,,27.0,True,False
1190460,DEATH STRANDING,,0,,0,19197.0,17343.0,1854.0,0.9034224097515235,154.0,2022-08-22 11:35:51,patchnotes,1351.0,False,True
1196590,Resident Evil Village,2021-05-06,0,39.99,7,44953.0,42701.0,2252.0,0.94990323226481,2905.0,2026-03-15 04:00:27,,50.0,False,False
1203220,NARAKA: BLADEPOINT,2021-08-11,1,0.0,4,12914.0,10572.0,2342.0,0.8186464302307573,14720.0,2026-04-29 08:52:38,,5.0,True,False
1203620,Enshrouded,2024-01-24,0,23.99,1,46496.0,40555.0,5941.0,0.8722255677907778,21626.0,2026-04-23 10:01:14,patchnotes,11.0,True,True
1217060,Gunfire Reborn,,0,15.95,4,36333.0,34915.0,1418.0,0.960972119010266,1303.0,2026-04-28 23:26:01,patchnotes,6.0,True,True
1222670,The Sims™ 4,2020-06-18,1,0.0,109,46086.0,40129.0,5957.0,0.8707416569023131,28970.0,2026-03-23 14:17:47,"patchnotes, mod_reviewed, ModAct_1888166638_1774289977_0, mod_require_rereview",42.0,False,True
1237970,Titanfall® 2,2020-06-18,0,4.49,5,93748.0,89607.0,4141.0,0.9558283910056748,1766.0,2026-03-25 11:55:21,,40.0,False,False
1238860,Battlefield 4™,2020-06-11,0,1.99,18,28706.0,24056.0,4650.0,0.838012958963283,2427.0,2025-12-18 13:28:34,,137.0,False,False
1245620,ELDEN RING,2022-02-24,0,59.99,2,426602.0,402276.0,24326.0,0.9429772949962728,34750.0,2025-12-16 02:05:57,patchnotes,140.0,False,True
1250410,Microsoft Flight Simulator (2020) 40th Anniversary Edition,,0,249.95,0,43579.0,34005.0,9574.0,0.7803070286146997,3852.0,2026-04-02 13:28:13,,32.0,False,False
1259420,Days Gone,2021-05-17,0,39.99,1,35968.0,33122.0,2846.0,0.9208741103202848,2516.0,2025-07-21 15:00:10,patchnotes,287.0,False,True
1260320,Party Animals,2023-09-20,0,13.99,1,16927.0,15180.0,1747.0,0.8967921072842204,2579.0,2026-02-24 22:02:01,"patchnotes, enable_steam_china, mod_reviewed, ModAct_1809568072_1771989980_0, ModAct_1889357040_1772186769_4, ModAct_1426387032_1773204401_4, ModAct_1434411615_1773313714_4, ModAct_1751555285_1773727330_4, ModAct_1425979202_1774521034_4, ModAct_1894963720_1775142324_4, ModAct_1426387032_1775617079_4, ModAct_1426387032_1776221684_4, ModAct_1434573178_1776393273_4, mod_require_rereview",69.0,False,True
1263850,Football Manager 2021,2020-11-24,0,,1,6043.0,5679.0,364.0,0.9397650173754758,1099.0,2021-11-23 13:08:28,,1623.0,False,False
1268750,Starship Troopers: Extermination,2024-10-10,0,29.99,9,20679.0,17024.0,3655.0,0.8232506407466512,380.0,2026-02-04 11:59:42,patchnotes,89.0,False,True
1274570,DEVOUR,,0,14.5,2,20579.0,18653.0,1926.0,0.9064094465231548,848.0,2026-04-14 18:25:26,patchnotes,20.0,True,True
1281930,tModLoader,2020-05-16,1,0.0,0,0.0,0.0,0.0,,20461.0,2026-05-01 05:09:33,,3.0,True,False
1282100,REMNANT II®,2023-07-25,0,49.99,3,26528.0,22630.0,3898.0,0.8530609167671894,1598.0,2024-11-12 12:17:08,patchnotes,538.0,False,True
1286680,Tiny Tina's Wonderlands,,0,15.99,6,11192.0,8009.0,3183.0,0.7156004288777699,483.0,2026-03-19 13:30:34,,46.0,False,False
1290000,PowerWash Simulator,2022-07-14,0,12.49,17,37947.0,37027.0,920.0,0.9757556592088966,1992.0,2024-11-12 09:29:23,patchnotes,538.0,False,True
1293830,Forza Horizon 4,2021-03-09,0,,0,54017.0,48297.0,5720.0,0.8941074106299869,2534.0,2026-04-08 07:32:22,,26.0,True,False
1294810,Redfall,2023-05-01,0,39.99,1,1653.0,685.0,968.0,0.4143980641258318,5.0,2024-01-26 12:18:40,patchnotes,829.0,False,True
1325200,Nioh 2 – The Complete Edition,,0,23.99,0,10441.0,9506.0,935.0,0.9104491906905468,905.0,2022-12-12 00:26:23,patchnotes,1240.0,False,True
1326470,Sons Of The Forest,2024-02-22,0,29.99,0,113446.0,100163.0,13283.0,0.8829134566225341,8603.0,2025-10-03 14:47:12,"patchnotes, hide_library_detail",213.0,False,True
1328670,Mass Effect™ Legendary Edition,2021-05-14,0,14.99,0,39919.0,36458.0,3461.0,0.9132994313484808,3997.0,2025-08-11 04:07:19,,266.0,False,False
1332010,Stray,2022-07-19,0,29.99,1,77213.0,75179.0,2034.0,0.9736572856902336,466.0,2023-08-10 11:55:39,patchnotes,998.0,False,True
1353230,Bomb Rush Cyberfunk,,0,51.99,2,10164.0,9981.0,183.0,0.981995277449823,72.0,2024-01-15 07:11:58,patchnotes,840.0,False,True
1361210,"Warhammer 40,000: Darktide",2022-11-30,0,39.99,7,71318.0,53372.0,17946.0,0.7483664712975686,4519.0,2026-04-27 05:06:57,patchnotes,7.0,True,True
1364780,Street Fighter™ 6,,0,39.99,9,19620.0,16716.0,2904.0,0.8519877675840979,13081.0,2026-03-31 22:31:43,patchnotes,34.0,False,True
1366540,Dyson Sphere Program,2021-01-20,0,19.99,2,24283.0,23377.0,906.0,0.962689947700037,3385.0,2026-04-27 05:27:48,patchnotes,7.0,True,True
1367080,MOBILE SUIT GUNDAM BATTLE OPERATION 2,2023-05-30,1,0.0,4,14.0,4.0,10.0,0.2857142857142857,353.0,2026-04-30 01:03:20,"mod_reviewed, ModAct_1870293249_1777526461_0, mod_require_rereview",5.0,True,False
1372880,The Day Before,2023-12-07,0,,0,9169.0,1234.0,7935.0,0.1345839240920493,0.0,2025-03-18 08:10:39,,412.0,False,False
1382330,Persona® 5 Strikers,,0,387000.0,2,6944.0,6342.0,602.0,0.9133064516129032,175.0,2025-10-29 20:00:28,patchnotes,187.0,False,True
1384160,GUILTY GEAR -STRIVE-,,0,39.99,40,32108.0,29569.0,2539.0,0.920923134421328,2565.0,2026-04-14 05:00:00,,20.0,True,False
1407200,World of Tanks,2021-04-28,1,0.0,27,181.0,144.0,37.0,0.7955801104972375,9299.0,2026-05-02 05:18:43,,2.0,True,False
1418630,Dread Hunger,2022-01-26,0,,0,2285.0,1635.0,650.0,0.7155361050328227,589.0,2024-01-09 21:56:05,patchnotes,846.0,False,True
1426210,It Takes Two,,0,13.99,1,46475.0,44587.0,1888.0,0.959376008606778,6438.0,2025-11-21 09:05:04,,164.0,False,False
1432860,Sun Haven,2023-03-10,0,24.99,27,12973.0,10901.0,2072.0,0.8402836660756957,1053.0,2026-03-17 22:28:48,,48.0,False,False
1446780,MONSTER HUNTER RISE,,0,39.99,252,33642.0,29302.0,4340.0,0.8709945900957137,3947.0,2026-04-02 05:27:46,,32.0,False,False
1449850,Yu-Gi-Oh! Master Duel,2022-01-18,1,0.0,0,0.0,0.0,0.0,,11276.0,2026-04-30 01:19:05,patchnotes,5.0,True,True
1462040,FINAL FANTASY VII REMAKE INTERGRADE,2022-06-17,0,19.99,5,18612.0,16264.0,2348.0,0.8738448312916398,1547.0,2026-02-17 23:43:14,patchnotes,76.0,False,True
1465360,SnowRunner,,0,29.99,47,18045.0,16077.0,1968.0,0.8909393183707398,5836.0,2026-02-05 05:36:40,patchnotes,88.0,False,True
1466860,Age of Empires IV: Anniversary Edition,,0,39.99,7,27760.0,23992.0,3768.0,0.8642651296829971,11293.0,2026-03-04 16:18:13,patchnotes,61.0,False,True
1468810,鬼谷八荒 Tale of Immortal,2023-05-26,0,19.99,4,3697.0,2932.0,765.0,0.7930754665945361,2054.0,2026-02-06 03:15:35,patchnotes,87.0,False,True
1476970,IdleOn,2025-11-06,1,0.0,0,0.0,0.0,0.0,,14597.0,2025-12-23 21:02:32,patchnotes,132.0,False,True
1482620,Slappyball,2024-11-07,1,0.0,2,1.0,1.0,0.0,1.0,18.0,2023-12-07 15:36:29,patchnotes,879.0,False,True
1490890,Demon Slayer -Kimetsu no Yaiba- The Hinokami Chronicles,,0,14.99,8,8055.0,7223.0,832.0,0.8967101179391682,43.0,2023-04-19 20:03:52,patchnotes,1111.0,False,True
1501750,Lords of the Fallen,2023-10-13,0,29.99,2,19780.0,14525.0,5255.0,0.7343276036400405,1521.0,2026-04-20 13:15:20,patchnotes,14.0,True,True
1506830,FIFA 22,2021-10-01,0,,0,33338.0,26974.0,6364.0,0.8091067250584918,1018.0,2023-12-21 13:13:30,,865.0,False,False
1509960,PICO PARK,2021-05-07,0,4.99,1,9445.0,8729.0,716.0,0.9241926945473796,152.0,2025-11-07 01:55:53,patchnotes,179.0,False,True
1515950,Capcom Arcade Stadium,2021-05-24,1,59.99,43,173.0,139.0,34.0,0.8034682080924855,132.0,2022-12-09 00:13:04,,1243.0,False,False
1517290,Battlefield™ 2042,,0,3.99,2,106320.0,49695.0,56625.0,0.4674097065462754,2253.0,2025-09-08 11:01:23,patchnotes,238.0,False,True
1533420,Neon White,,0,32.49,1,12271.0,12048.0,223.0,0.9818270719582756,144.0,2022-07-13 19:00:50,patchnotes,1391.0,False,True
1544020,The Callisto Protocol™,,0,77.99,8,16073.0,10679.0,5394.0,0.66440614695452,69.0,2026-04-19 20:30:00,,15.0,True,False
1549970,Aliens: Fireteam Elite,2021-08-23,0,29.99,7,14059.0,11633.0,2426.0,0.8274414965502525,250.0,2024-04-26 10:57:06,patchnotes,738.0,False,True
1551360,Forza Horizon 5,2021-11-08,0,59.99,52,90027.0,79809.0,10218.0,0.8865007164517311,11325.0,2026-05-04 12:00:36,,0.0,True,False
1557740,ROUNDS,2021-04-01,0,5.99,0,25359.0,24372.0,987.0,0.9610789068969596,704.0,2024-11-26 09:01:06,patchnotes,524.0,False,True
1562430,DREDGE,2023-03-30,0,10.79,5,30866.0,29690.0,1176.0,0.9618998250502172,1285.0,2024-09-18 10:00:06,patchnotes,593.0,False,True
1568590,Goose Goose Duck,2021-10-03,1,0.0,0,0.0,0.0,0.0,,5664.0,2026-04-23 12:56:02,patchnotes,11.0,True,True
1577120,The Quarry,2022-06-09,0,10.49,3,7303.0,6091.0,1212.0,0.834040805148569,323.0,2024-11-25 16:10:30,patchnotes,525.0,False,True
1599340,Lost Ark,2022-02-11,1,0.0,7,38960.0,27057.0,11903.0,0.6944815195071868,7266.0,2026-04-15 14:05:16,,19.0,True,False
1601580,Frostpunk 2,2024-09-20,0,44.99,3,9267.0,7251.0,2016.0,0.782453868565879,699.0,2025-12-19 07:15:30,patchnotes,136.0,False,True
1621690,Core Keeper,2024-08-27,0,19.99,2,22805.0,21613.0,1192.0,0.9477307607980706,4673.0,2026-04-01 07:07:54,patchnotes,33.0,False,True
1623730,Palworld,2024-01-18,0,29.99,1,150659.0,143768.0,6891.0,0.9542609469065904,17339.0,2025-11-09 22:07:18,patchnotes,176.0,False,True
1627720,Lies of P,2023-09-18,0,29.99,3,26450.0,24732.0,1718.0,0.935047258979206,2112.0,2025-09-25 02:00:33,patchnotes,222.0,False,True
1637320,Dome Keeper,2022-09-27,0,17.99,4,10799.0,10088.0,711.0,0.9341605704231872,1872.0,2026-04-23 08:08:39,patchnotes,11.0,True,True
1643320,S.T.A.L.K.E.R. 2: Heart of Chornobyl,2024-11-20,0,59.99,3,41642.0,32050.0,9592.0,0.7696556361365928,7320.0,2026-04-14 09:19:37,,20.0,True,False
1649240,Returnal™,2023-02-15,0,59.99,0,4482.0,3635.0,847.0,0.8110218652387327,497.0,2023-04-25 10:50:13,patchnotes,1105.0,False,True
1657630,Slime Rancher 2,2025-09-23,0,29.99,2,22954.0,21606.0,1348.0,0.94127385205193,1655.0,2026-01-22 13:06:03,patchnotes,102.0,False,True
1659040,HITMAN World of Assassination,2022-01-20,0,29.99,9,27885.0,24442.0,3443.0,0.8765285996055227,4251.0,2026-01-27 07:02:24,patchnotes,97.0,False,True
1659420,UNCHARTED™: Legacy of Thieves Collection,2022-10-19,0,49.99,0,9567.0,8578.0,989.0,0.8966238110170377,1038.0,2025-05-04 22:58:00,,365.0,False,False
1660080,Aloft,2025-01-15,0,24.99,2,1835.0,1564.0,271.0,0.852316076294278,187.0,2026-03-10 10:42:58,patchnotes,55.0,False,True
1672970,Minecraft Dungeons,2021-09-22,0,19.99,12,6815.0,6258.0,557.0,0.918268525311812,586.0,2022-10-25 11:33:58,patchnotes,1287.0,False,True
1680880,Forspoken,2023-01-24,0,20.99,2,3133.0,2156.0,977.0,0.6881583147143313,39.0,2023-11-13 02:12:18,patchnotes,904.0,False,True
1687950,Persona 5 Royal,2022-10-20,0,11.99,0,32557.0,31499.0,1058.0,0.967503148324477,9817.0,2024-09-05 20:00:14,patchnotes,606.0,False,True
1692250,F1® 22,2022-07-01,0,,0,9458.0,6180.0,3278.0,0.6534150983294565,98.0,2024-02-27 11:18:22,,797.0,False,False
1702330,Rune Factory 5,,0,42000.0,10,1104.0,850.0,254.0,0.769927536231884,38.0,2025-12-12 13:05:20,patchnotes,143.0,False,True
1716740,Starfield,2023-09-05,0,49.99,5,84702.0,48985.0,35717.0,0.5783216452976317,11254.0,2026-04-07 11:28:10,patchnotes,27.0,True,True
1721470,Poppy Playtime,2021-10-12,1,0.0,4,18061.0,14872.0,3189.0,0.8234317036708931,2009.0,2026-02-27 13:27:03,patchnotes,66.0,False,True
1740720,Have a Nice Death,,0,10.49,2,4158.0,3637.0,521.0,0.8746993746993748,130.0,2024-03-20 13:56:20,patchnotes,775.0,False,True
1745510,Lunacid,2023-10-30,0,13.99,1,7580.0,6827.0,753.0,0.9006596306068602,81.0,2025-04-08 14:03:47,patchnotes,391.0,False,True
1748600,Sainthood,2024-11-01,0,9.99,0,49.0,47.0,2.0,0.9591836734693876,0.0,2025-03-14 13:10:27,patchnotes,416.0,False,True
1761390,Hatsune Miku: Project DIVA Mega Mix+,,0,21.39,2,9833.0,9407.0,426.0,0.95667649750839,346.0,2023-05-11 21:51:13,patchnotes,1089.0,False,True
1774580,STAR WARS Jedi: Survivor™,2023-04-27,0,10.49,1,48405.0,33436.0,14969.0,0.6907550872843714,3910.0,2024-09-12 10:00:15,patchnotes,599.0,False,True
1778820,TEKKEN 8,2024-01-25,0,39.99,22,26062.0,14778.0,11284.0,0.5670324610544087,6181.0,2025-04-02 08:45:07,patchnotes,397.0,False,True
1794680,Vampire Survivors,2022-10-20,0,4.99,8,126207.0,124294.0,1913.0,0.9848423621510692,4311.0,2025-10-31 11:02:54,patchnotes,185.0,False,True
1811260,EA SPORTS™ FIFA 23,2022-09-30,0,,0,35579.0,21621.0,13958.0,0.6076899294527671,893.0,2024-07-15 11:32:46,,658.0,False,False
1817070,Marvel’s Spider-Man Remastered,,0,79.99,0,52903.0,51093.0,1810.0,0.965786439332363,2194.0,2023-06-20 09:23:28,patchnotes,1049.0,False,True
1818750,MultiVersus,2022-07-19,0,,0,5280.0,3723.0,1557.0,0.7051136363636363,45.0,2025-03-28 19:14:16,,402.0,False,False
1824220,Chivalry 2,2022-06-12,0,39.99,2,22238.0,18117.0,4121.0,0.8146865725335012,2404.0,2025-12-09 10:27:40,patchnotes,146.0,False,True
1836450,Monster Hunter Rise: Sunbreak Demo,2022-06-14,1,0.0,0,0.0,0.0,0.0,,5.0,,,,False,False
1868140,DAVE THE DIVER,2023-06-28,0,19.99,5,47919.0,46352.0,1567.0,0.9672989837016632,4444.0,2026-02-19 03:06:40,patchnotes,74.0,False,True
1888160,ARMORED CORE™ VI FIRES OF RUBICON™,,0,79.99,0,39843.0,37277.0,2566.0,0.9355972190849082,781.0,2025-12-16 02:07:42,patchnotes,140.0,False,True
1888930,The Last of Us™ Part I,2023-03-28,0,59.99,0,27600.0,23103.0,4497.0,0.8370652173913044,1824.0,2025-07-03 13:01:25,patchnotes,305.0,False,True
1895880,Ratchet & Clank: Rift Apart,2023-07-26,0,59.99,0,7178.0,6436.0,742.0,0.8966285873502369,249.0,2023-08-16 06:00:39,patchnotes,992.0,False,True
1903340,Clair Obscur: Expedition 33,,0,49.99,4,97733.0,94471.0,3262.0,0.9666233513756868,9844.0,2026-03-17 04:41:30,patchnotes,48.0,False,True
1904540,Football Manager 2023,2022-11-08,0,,1,5617.0,5020.0,597.0,0.8937155064981307,3055.0,2025-02-10 09:45:47,,448.0,False,False
1928980,Nightingale,2024-02-20,0,29.99,1,10343.0,7352.0,2991.0,0.7108189113410036,174.0,2026-02-19 12:58:48,,74.0,False,False
1934680,Age of Mythology: Retold,2024-09-04,0,29.99,9,9906.0,8916.0,990.0,0.9000605693519079,4577.0,2026-02-19 13:10:13,patchnotes,74.0,False,True
1938090,Call of Duty®,2022-10-27,0,,46,231894.0,132522.0,99372.0,0.5714766229397914,36101.0,2026-05-04 14:45:46,,0.0,True,False
1940340,Darkest Dungeon® II,2023-05-08,0,39.99,5,11458.0,8767.0,2691.0,0.765142258683889,877.0,2026-04-28 17:55:46,patchnotes,6.0,True,True
1942280,Brotato,2023-06-23,0,4.99,3,30300.0,29292.0,1008.0,0.9667326732673268,5815.0,2026-03-02 09:50:18,patchnotes,63.0,False,True
1943950,Escape the Backrooms,2025-10-23,0,9.99,0,36621.0,32794.0,3827.0,0.8954971191392916,3428.0,2025-12-11 12:28:49,patchnotes,144.0,False,True
1954200,Kena: Bridge of Spirits,,0,77.0,2,6768.0,6261.0,507.0,0.9250886524822696,87.0,2023-01-23 18:13:38,patchnotes,1197.0,False,True
1962663,Call of Duty®: Warzone™,2022-11-16,1,0.0,0,5204.0,1276.0,3928.0,0.245196003074558,34.0,2025-08-11 06:44:06,,266.0,False,False
1966720,Lethal Company,2023-10-23,0,9.99,0,274537.0,267523.0,7014.0,0.9744515311233094,5768.0,2026-03-30 01:59:41,patchnotes,36.0,False,True
1971870,Mortal Kombat 1,,0,9.99,29,16261.0,11788.0,4473.0,0.7249246663796814,1715.0,2025-05-17 11:09:49,patchnotes,352.0,False,True
1973530,Limbus Company,2023-02-26,1,0.0,0,0.0,0.0,0.0,,24894.0,2026-05-04 05:14:13,,0.0,True,False
1987080,Inside the Backrooms,2022-06-20,0,6.99,0,10149.0,8069.0,2080.0,0.7950536998719085,207.0,2026-01-13 13:41:00,patchnotes,111.0,False,True
1997040,MARVEL SNAP,2023-08-22,1,0.0,0,0.0,0.0,0.0,,2190.0,2025-09-26 00:05:17,patchnotes,221.0,False,True
2001120,Split Fiction,,0,139.3,1,22196.0,21387.0,809.0,0.9635519913497927,4849.0,2026-04-09 15:15:00,,25.0,True,False
2012840,Portal with RTX,2022-12-08,1,0.0,0,0.0,0.0,0.0,,22.0,2023-04-14 17:29:12,patchnotes,1116.0,False,True
2050650,Resident Evil 4,2023-03-23,0,39.99,27,64530.0,62280.0,2250.0,0.9651324965132496,10356.0,2026-04-14 17:00:00,,20.0,True,False
2054970,Dragon's Dogma 2,2024-03-21,0,69.99,22,43318.0,29080.0,14238.0,0.6713144651184265,1711.0,2026-04-21 05:00:15,,13.0,True,False
2058180,Judgment,2022-09-14,0,39.99,0,4428.0,4210.0,218.0,0.9507678410117436,325.0,2023-03-29 19:12:35,patchnotes,1132.0,False,True
2071280,Ravenswatch,2024-09-26,0,24.99,10,7726.0,6629.0,1097.0,0.8580119078436448,1349.0,2026-02-17 09:03:18,patchnotes,76.0,False,True
2073850,THE FINALS,2023-12-07,1,0.0,39,38.0,28.0,10.0,0.7368421052631579,15371.0,2026-04-30 06:01:45,,4.0,True,False
2086500,ROLL Demo,2022-08-09,1,0.0,0,0.0,0.0,0.0,,0.0,,,,False,False
2107670,Warhaven,2023-09-20,0,,0,0.0,0.0,0.0,,0.0,2024-04-02 21:00:02,,762.0,False,False
2114740,Blasphemous 2,2023-08-24,0,29.99,3,5084.0,4593.0,491.0,0.9034225019669552,368.0,2024-11-08 09:40:03,patchnotes,542.0,False,True
2138710,Sifu,2023-03-28,0,39.99,3,7575.0,6993.0,582.0,0.9231683168316832,472.0,2023-09-12 06:16:17,patchnotes,965.0,False,True
2139460,Once Human,2024-07-09,1,0.0,2,23.0,23.0,0.0,1.0,12938.0,2026-05-01 00:25:21,enable_steam_china,4.0,True,False
2141910,Magic: The Gathering Arena,2023-05-23,1,0.0,0,0.0,0.0,0.0,,2232.0,2026-04-28 05:09:11,,6.0,True,False
2167580,Summoners War: Chronicles,2022-11-09,1,0.0,3,1.0,1.0,0.0,1.0,256.0,2026-04-29 22:19:27,,5.0,True,False
2186680,"Warhammer 40,000: Rogue Trader",2023-12-07,0,49.99,9,17480.0,15094.0,2386.0,0.8635011441647598,4150.0,2025-12-16 04:08:15,patchnotes,139.0,False,True
2195250,EA SPORTS FC™ 24,2023-09-28,0,,0,32104.0,18553.0,13551.0,0.5779030650386244,1936.0,2025-06-13 10:19:21,workshop,325.0,False,False
2215430,Ghost of Tsushima DIRECTOR'S CUT,2024-05-16,0,59.99,1,36965.0,34731.0,2234.0,0.9395644528608142,3406.0,2025-12-16 08:40:46,patchnotes,139.0,False,True
2231450,Pizza Tower,2023-01-26,0,19.99,1,44765.0,44083.0,682.0,0.9847648832793476,288.0,2025-07-02 12:16:11,patchnotes,306.0,False,True
2239550,Watch Dogs®: Legion,2023-01-26,0,59.99,2,4565.0,2671.0,1894.0,0.585104052573932,159.0,2025-02-06 14:52:11,,452.0,False,False
2252570,Football Manager 2024,2023-11-06,0,,1,6847.0,6339.0,508.0,0.925806922739886,20900.0,2025-11-04 11:17:55,,181.0,False,False
2273430,BlazBlue Entropy Effect,2024-02-14,0,12.99,9,4403.0,4164.0,239.0,0.9457188280717692,560.0,2026-03-16 06:10:46,"patchnotes, enable_steam_china",49.0,False,True
2281730,Combat Master: Season 5,2023-04-21,1,0.0,0,0.0,0.0,0.0,,1225.0,2023-05-01 10:25:16,patchnotes,1099.0,False,True
2300320,Farming Simulator 25,2024-11-12,0,29.99,11,13584.0,11530.0,2054.0,0.8487926972909305,41426.0,2026-04-14 08:04:55,,20.0,True,False
2316590,Words of Wisdom,2023-03-20,0,8.99,0,9.0,9.0,0.0,1.0,0.0,,,,False,False
2321470,Deep Rock Galactic: Survivor,2025-09-17,0,12.99,3,23302.0,20407.0,2895.0,0.8757617371899408,3579.0,2026-05-01 06:51:21,patchnotes,3.0,True,True
2322010,God of War Ragnarök,,0,3999.0,3,14766.0,13201.0,1565.0,0.8940132737369633,2737.0,2025-08-20 11:39:05,patchnotes,257.0,False,True
2344520,Diablo® IV,2023-10-17,0,49.99,4,18384.0,13641.0,4743.0,0.7420039164490861,48603.0,2026-05-02 12:36:25,,2.0,True,False
2349820,Hero's Land,2023-05-17,1,0.0,0,0.0,0.0,0.0,,1068.0,2026-04-29 17:29:34,patchnotes,5.0,True,True
2358720,Black Myth: Wukong,2024-08-19,0,59.99,2,68913.0,64726.0,4187.0,0.9392422329603992,5111.0,2026-02-27 03:00:14,,66.0,False,False
2369390,Far Cry® 6,2023-05-11,0,59.99,8,12383.0,8329.0,4054.0,0.672615682790923,2084.0,2026-01-07 09:07:06,,117.0,False,False
2379780,Balatro,,0,6.39,1,99824.0,97944.0,1880.0,0.981166853662446,8948.0,2025-11-04 11:57:36,,181.0,False,False
2399830,ARK: Survival Ascended,,0,44.99,16,53479.0,32243.0,21236.0,0.6029095532825969,26478.0,2026-05-01 20:30:00,"mod_reviewed, ModAct_1877905169_1777682067_0, ModAct_1598046824_1777685116_4, mod_require_rereview",3.0,True,False
2420510,HoloCure - Save the Fans!,2023-08-16,1,0.0,0,0.0,0.0,0.0,,301.0,2025-02-27 02:04:00,patchnotes,432.0,False,True
2429640,Throne and Liberty,2024-10-01,1,0.0,5,6040.0,4272.0,1768.0,0.7072847682119205,6319.0,2026-04-22 12:16:16,,12.0,True,False
2457220,Avowed,,0,249.0,2,9176.0,7133.0,2043.0,0.777353966870096,397.0,2026-03-25 13:12:01,patchnotes,40.0,False,True
2479810,Gray Zone Warfare,2024-04-30,0,39.99,0,44502.0,32901.0,11601.0,0.7393150869623837,11462.0,2026-04-16 05:27:56,patchnotes,18.0,True,True
2519060,Call of Duty®: Modern Warfare® III,2023-11-10,0,69.99,0,1.0,1.0,0.0,1.0,0.0,2024-07-26 16:43:54,,647.0,False,False
2531310,The Last of Us™ Part II Remastered,,0,49.99,0,12961.0,11815.0,1146.0,0.9115808965357612,2322.0,2025-04-14 07:49:18,patchnotes,385.0,False,True
2547000,Roxy Raccoon's Pinball Panic - Winter Whimsy,2023-12-01,0,0.99,0,0.0,0.0,0.0,,0.0,,,,False,False
2591280,F1® Manager 2024,2024-07-23,0,34.99,3,2221.0,1805.0,416.0,0.8126969833408375,1136.0,2024-12-04 10:06:22,patchnotes,516.0,False,True
2619850,Path To The Devil Demo,2023-09-27,1,0.0,0,0.0,0.0,0.0,,0.0,,,,False,False
2646460,Soulmask,2026-04-09,0,29.99,4,7081.0,5438.0,1643.0,0.7679706256178506,12776.0,2026-04-29 03:02:31,patchnotes,5.0,True,True
2670630,Supermarket Simulator,2025-06-19,0,19.99,6,33220.0,30703.0,2517.0,0.92423239012643,4169.0,2026-04-01 06:31:22,patchnotes,33.0,False,True
2694490,Path of Exile 2,2024-12-06,0,29.99,9,89632.0,67984.0,21648.0,0.7584791146019279,9115.0,2026-05-03 16:32:03,,1.0,True,False
2708800,Monster Parade: Nurturing a Hero’s Sacred Sword!?,2024-02-06,0,14.0,0,5.0,2.0,3.0,0.4,0.0,,,,False,False
2767030,Marvel Rivals,2024-12-05,1,0.0,0,0.0,0.0,0.0,,70523.0,2026-04-15 06:52:48,patchnotes,19.0,True,True
2784840,Egg,2024-02-03,1,0.0,0,0.0,0.0,0.0,,117.0,2026-03-09 07:02:01,,56.0,False,False
2807960,Battlefield™ 6,2025-10-10,0,41.99,8,141543.0,96711.0,44832.0,0.6832623301752824,41886.0,2026-05-04 11:00:18,patchnotes,0.0,True,True
